mass,"W09 (ST, 8.8M)","W09 (FP3, 8.8M)"
8.8,0.0006114,0.0007111
