mass,"W09 (ST, 8.8M)","W09 (FP3, 8.8M)"
8.8,0.004442,0.004264
